{
    "data": {
        "market": "classic",
        "accuracy": {
            "last_30_days": 0.6428571428571429,
            "yesterday": 0.8214285714285714,
            "last_7_days": 0.6478405315614618,
            "last_14_days": 0.6383147853736089
        },
        "details": {
            "last_30_days": {
                "total": 2844,
                "won": 1809,
                "lost": 1005,
                "postponed": 30,
                "pending": 0
            },
            "yesterday": {
                "total": 28,
                "won": 23,
                "lost": 5,
                "postponed": 0,
                "pending": 0
            },
            "last_7_days": {
                "total": 605,
                "won": 390,
                "lost": 212,
                "postponed": 3,
                "pending": 0
            },
            "last_14_days": {
                "total": 1274,
                "won": 803,
                "lost": 455,
                "postponed": 16,
                "pending": 0
            }
        }
    }
}